"μ","κ","α","β","σ0"
0.04450505487671397,0.02748436837296206,0.06690466706319245,0.9249700891644793,1.5010421939871836
0.07338864742844298,0.024911225588166677,0.06572866601917315,0.9271394923416864,1.8708033413336718
0.12450907954437627,0.21771452446442036,0.07685533458628693,0.8419613324120993,1.4549553317336021
0.07722381021397198,0.03783692304033617,0.06928700090107816,0.9265796420564932,2.776501138393741
0.04538221695632939,0.06120284555795049,0.15317477139549834,0.846725228604502,2.9221217790716176
0.08507999936549202,0.07769109457478439,0.07774610580446159,0.9221538941955381,5.659651128110192
0.0909796792811353,0.06168228154766452,0.07071808620491721,0.9291819137950829,4.726881601772968
0.02036093118111403,1.2525011769982919,0.15150642276396062,0.42583410662005644,3.120990740601053
0.07453366430267543,0.06444404453254046,0.04051416199449556,0.9433352905393377,3.4871776232193152
0.044568654169089936,0.10136490738659283,0.10546703087999873,0.8921053624684807,4.433271939245266
0.06443608314539397,0.16046085630496626,0.10709793424093146,0.8574678461157256,2.354270359658718
0.0772142602366032,0.06468505238174906,0.11843565144975421,0.8814643485502459,2.4720919028646526
0.06314807746599359,0.06377099213259099,0.11462756503417634,0.8852724349658234,3.549951212005409
0.009988327717716442,0.059990176838380406,0.08626910615716815,0.9136308938428318,6.307852066082846
0.03922787492528231,0.28285046825100874,0.1933040966870535,0.6365223450306539,2.6510433309143107
0.04033082767653735,0.048738853144624665,0.07758570273146526,0.9090315337049034,2.1522871192772755
0.06697927809373443,0.15462113486299287,0.16706711522482387,0.8328328847751765,2.559207646980924
-0.01248007534633194,0.06498797666267841,0.06208176152325928,0.9378182384767412,3.792180253573097
0.04111962008795865,0.05210035220581199,0.06445888784910792,0.9273082757221046,2.983994948991723
0.0659591561711854,0.05700494867135667,0.0639210006248307,0.9325584507392041,4.0492198842523965
0.07560848111917032,0.14163976203234627,0.09694321404573879,0.9017101602551542,4.72762753510149
0.0767461499190374,0.11731753456949838,0.15359693336869587,0.8463030666313044,2.6800726981199365
0.04143111459277937,0.02957860911217321,0.10237469613373595,0.897525303866264,2.6647918847568643
0.06576181912537911,0.05127632071593602,0.07917289272573545,0.9207271072742645,4.461566030153773
0.09989606519717951,0.06826853482687416,0.12018549931845257,0.8661478180273772,2.130707153035797
0.13539135147389056,0.042053411977223926,0.04850829819085296,0.9513917018091471,4.48034594107923
0.039617583408725315,0.06279901812141722,0.12396452293970078,0.8393048736933569,1.2700147402604116
0.053491861324033475,0.11163770373358942,0.07023082299024097,0.9296691770097589,5.660865961665215
0.04567952441897418,0.030911212808019187,0.09486411699602115,0.8896311571258418,1.2438768717191462
0.0551436622161521,0.028127155135926514,0.08796899007009018,0.9119310099299098,3.048720962808524
0.00818940123836308,0.08210474862955391,0.16279908689282008,0.83710091310718,3.739202068136787
0.03700009136156075,0.06329470409685596,0.15233276269480894,0.8475672373051911,3.8781091630877342
0.10713256351414448,0.06890851100609643,0.12479864584482454,0.8687242879082617,2.9356208376818884
0.08191133085538997,0.03845553527272716,0.08574617718455631,0.9136770791791324,2.5657233152840613
0.05425051007927635,0.10117311979671488,0.08844281987418395,0.8873388437828594,2.0622187784852044
0.0653360490170557,0.0962447134392557,0.12067162395265055,0.8760687907148014,3.1116315958430016
0.07340348146945433,0.02858332684016288,0.060709102289381436,0.9391908977106186,3.334039520447293
0.043473652712638026,0.09038356288874748,0.06608968572490495,0.9172167663859356,2.668624378773206
0.029295631931179296,0.026494801316384337,0.05795100552773456,0.9419489944722653,4.0303259205286945
0.052839332266443065,0.13084158754525152,0.13577276890496576,0.827455308715966,1.9106573730786558
0.042652361595979384,0.060287245227899126,0.06267660687831228,0.9289392135251161,2.773327239137401
0.07955321907312579,0.05663806087147243,0.13360262928268032,0.8552429409876715,2.7034651403984613
0.08418344336194986,0.10355719339047478,0.0765005570538805,0.9169347814983112,4.0169335074682415
0.07672977571125457,0.03106332761159366,0.0583416057617022,0.9415583942382977,3.6077229609191535
0.04114936542606442,0.07880447161590988,0.055605757342268435,0.9249600051349955,2.2783671124011597
0.09597361970195527,0.05207448838113656,0.09225247234665775,0.8896123130525212,2.838584739758951
0.029966849347862534,0.02932474854123703,0.09376781378887204,0.9002497524338604,1.7884042591878018
0.06222013736844249,0.09544309260166559,0.053855579764757126,0.9393780222249236,3.730820761437287
0.054007495469873615,0.029733335349490755,0.0719706886195987,0.9174076844881303,1.711296120731069
0.030180016085611504,0.09490264174538512,0.1396598736884619,0.8602401263115382,3.298347163024778
0.08779070518737175,0.042845198408199545,0.08655641896157994,0.9121258449399893,2.2850593950633122
0.14088813491514823,0.7957219137775323,0.09392611528822202,0.7571501279015471,3.371448013377252
0.05327764497140194,0.04137736218555646,0.1307552260095896,0.8600310044387813,2.3644799734558353
0.04020343644731944,0.14474238109027757,0.12263870653152993,0.8450315669112662,2.619128818820699
0.037874362113728424,0.06213254904519035,0.05517075264797489,0.9372404489496544,5.177997098189664
0.042767603834327664,0.12284141028759916,0.12138232684532042,0.8499821955036531,1.8879536307634102
0.04461793996233914,0.04766143021959126,0.12459537132540408,0.8753046286745956,3.6039967090646874
0.04423341673565117,0.07484208610509505,0.11854985795669036,0.8758956379791895,2.8105177870556965
0.07116259748075608,0.04759310627741816,0.08871044956576819,0.9061995889194094,2.68373002745012
0.05063198810015523,0.04323253603482272,0.06662983624718109,0.9231390821991635,2.570799431134103
0.05112148608951746,0.04355098168663684,0.12423365605365823,0.8747435550333832,2.715090194279265
0.0663940227122993,0.04410497665161273,0.08415118426881348,0.9033826549462022,2.0149312711688414
0.045857603714417924,0.020342645888772506,0.05572657782756264,0.9441734221724377,3.9748508546638397
0.023506200006574916,0.0556540722131786,0.18562275288205832,0.809539562955389,1.716628102337581
0.0567923692317242,0.1909733760374624,0.07830694173320085,0.9153285720310015,3.811702140062792
0.08868836859222824,0.0808486471446558,0.09557555681085642,0.9043244431891433,5.881908446962917
0.040220907372191125,0.08068229998517204,0.10412566869763253,0.8884847157683309,2.853862670468977
0.04298241349327904,0.1466022756912626,0.07318035911896965,0.8954840717454418,3.5566147485609445
0.04915224642836948,0.06146027634277883,0.06919582626026935,0.9152091148810861,2.251256464700534
0.030486610471366762,0.11773924006877988,0.09527269445390131,0.8842426105129972,3.0138077104445165
0.050446711450248524,0.062001587753810386,0.17604956438786418,0.8200913818364889,2.1538068844789784
0.04186625752597627,0.1268757974731115,0.04780605274158523,0.9356220943810544,4.088886489562995
0.04294211955565897,0.0379868790595474,0.08400411816872956,0.906928243629188,2.0170921560177324
0.05421287812821188,0.02995159749753599,0.053411423867732344,0.9464885761322677,4.487687858209028
0.05463579337180992,0.0770270036248066,0.10483370736391069,0.8683895556409323,1.4103317298157836
0.05709504759384011,0.07194178270537473,0.08519762600503049,0.9086409993019998,2.676808498433632
0.07230713826082248,0.04055437602616295,0.06909932038344113,0.9308006796165589,3.1805314993363774
0.041445674557979546,0.12905323147431377,0.11434776254115864,0.8817273812947374,2.6598386537964855
0.05058175547861513,0.054981707910997046,0.05552150705727785,0.9372377922227876,2.4527621919573726
0.031110395507842423,0.07617145287873228,0.09716149978972426,0.8990007172707702,3.560559328887753
0.04653221262886496,0.023351430487106233,0.07064362700575531,0.9270683344247052,2.068957078865894
0.08542492073254415,0.04704518070109511,0.09600465758772132,0.9038953424122786,3.186295358525244
0.07662318852717026,0.1632287082824583,0.128385884001547,0.8399145428528626,2.7795177500313715
0.05902931265556531,0.0680021440077012,0.14337274966343483,0.8565272503365651,2.967961368884379
0.03892668761121794,0.05353731394795485,0.052185243985870065,0.9477147560141299,4.074765569297659
0.053734535923434176,0.06960388090626443,0.08303837998672194,0.9091314012925711,2.8597524820698528
0.057719132880336116,0.045469842523750616,0.06042688334981435,0.9312961617384641,2.6503538425594355
0.13432202478572924,0.1437648118166177,0.18416873285226026,0.8157312671477399,4.311068558067881
0.026941857096484913,0.05091279619547397,0.1066753754588514,0.8910190784682517,2.8164281129096347
0.09037089579493005,0.088030851397807,0.08439595186675856,0.9155040481332417,5.280815535170441
0.06386089631701986,0.06286144994076255,0.15161531888122504,0.8271640698929802,1.5713231052671182
0.03983824022210126,0.06396006920016012,0.0908170694756113,0.8976999639011797,2.288447592534215
0.09136164195288304,0.07374258793106944,0.07386943377779144,0.9260305662222086,3.8948833336767112
0.15084940842509867,0.055578072444288626,0.07792018115287727,0.9219556564896395,3.9299838451895193
0.06283367246979145,0.05445184131682343,0.061329083930577934,0.9366812123387226,3.839386653940604
0.06976159154622699,0.0768281765578023,0.0808426300095923,0.9190573699904077,5.213858410128564
0.059944119993811926,0.041943884764165,0.075844732095001,0.9084849141578832,1.6909033050280309
0.1101890681058816,0.013182527651527477,0.031181894978824024,0.9687181050211765,4.816179122122638
0.03536329401931121,0.0683872852250419,0.13578541042096645,0.8477491811419747,1.4300035241572593
0.07201999840693028,0.1679202834541583,0.11706679444079117,0.8421365040618406,2.1578632172857475
0.09720570681460268,0.07480426221052346,0.07207061868102436,0.9172135216179251,2.8633818422186166
0.0397878972481591,0.045327482283730625,0.12126618783110729,0.8679968822480547,2.252986730704693
0.05041269311313084,0.020818193458326837,0.07302600682088033,0.9267119913971978,2.8558848774839882
0.0638161266564322,0.03921438995729615,0.0880276086155645,0.9114760664121085,4.719926554980411
0.03766996215591247,0.04170555539652818,0.10412685905175921,0.8957731409482406,3.1865934962521143
0.13938104508857796,0.08698934832946632,0.09123760160982142,0.9086623983901785,9.8288153668584
0.05890424732951047,0.03643699767755123,0.10644610811425027,0.885626647250693,1.6834680919928766
0.08440781395024458,0.04215363406098325,0.07437726952280926,0.9242503889653534,3.1022455210175575
0.0718414262671624,0.08569145741531464,0.1263019409651763,0.8517923940891076,2.272387519491391
0.10050802022695314,0.06883741457367246,0.08169560087225414,0.9151666739224223,4.510534825128279
0.07186619033922226,0.015744341712256135,0.08026815371357754,0.9192470400482847,2.2967130253832475
0.0530579244334284,0.1457739199772633,0.11357255648274046,0.8567488117683931,2.657490461156264
0.11042838049964113,0.0649016873107993,0.06094804586362506,0.9389519541363748,3.900792207975901
0.06360539755011997,0.02050771560591087,0.059254243221158805,0.935371740256463,1.7629458536348925
0.040556007394444385,0.025393166131015776,0.07016636698433802,0.929733633015662,3.1050533730661525
0.027256533641338784,0.02520712961985698,0.0762211042806611,0.923678895719339,3.600108398054731
0.026743797554768318,0.05199853005610854,0.10132794228180339,0.8892309706872101,2.371178132699851
0.03996514941249482,0.060950428467171684,0.05901053234671007,0.9332648265414951,3.4461908714261233
0.049000417389185986,0.029830678442090693,0.05766961480632257,0.9350825282121855,3.332015386422472
0.05186224922345023,0.06503845088634037,0.08566778783749256,0.898476329295534,2.4112602672748147
0.04105190505632072,0.16700568247756964,0.07708519612778095,0.9102794875935086,3.991898993724548
0.05394102141842239,0.03619870482608433,0.09986904445101633,0.8746440900452456,1.2472148463638182
0.07772733685445926,0.48159489562822394,0.1454194992055783,0.7729398724095607,2.6073789650936945
0.06478774478189502,0.09595948046017545,0.09965144021274973,0.8960554784891828,3.4499357179413277
0.03325714903884025,0.025757657384153414,0.08232691110896595,0.9174940145297665,2.0218650631249595
0.03657451040013391,0.06446090864770676,0.13773121100142086,0.8621687889985796,3.731930383163431
0.053519059039586564,0.05626241187113832,0.06853479007922886,0.9174578888675923,2.578949808030467
0.04484702148333811,0.10649950329730992,0.10359425887371777,0.8857076124568302,2.7822577792778227
0.03911921371514938,0.04045634835028348,0.05893357239723927,0.9307026587052822,1.9554669436661394
0.05869649745974043,0.13975093505765912,0.068464217568329,0.9195798489432203,3.0565679801792873
0.07445854024249868,0.06157716351954252,0.09437548728088224,0.8917812763305386,3.0225467793893075
0.0624040433879202,0.03883381363431849,0.04893552150274166,0.9484809081252911,4.098646290624235
0.0660783105609234,0.08629725413091767,0.10573913745648333,0.8941608625435167,6.0399486810287675
0.04961799689331443,0.02291431131937413,0.06076408954781733,0.9370802464714083,2.3752394813658615
0.1378178185197434,0.18015901083025362,0.08615651745768939,0.8465568662942907,2.3895308096030248
0.06498166563367036,0.1040940764383968,0.06800842478452915,0.9283580290149555,4.736857105140386
0.04968919300080327,0.04012272991468267,0.07415647718619116,0.9214749577884236,2.328591794616883
0.04419681957107809,0.08692410297247148,0.0663133215199557,0.9189345070383246,2.8279256285729075
0.03107891362576146,0.03426165702802706,0.06716903771486193,0.9325659905760367,3.0956180445263057
0.08015913363687274,0.04669910301118703,0.10805406586825413,0.8918459341317458,3.550864489891671
0.060009258065692836,0.0852925012858323,0.08062991304628433,0.900143048252945,2.7019570882816293
0.06747613982602955,0.09482800155548521,0.09094429053825988,0.8860280810988478,5.178080713728942
0.062432307809127764,1.7695216526270436,0.18796713320573874,0.10892157174570906,1.913731709113478
0.10695745302412639,0.03708435927755763,0.06825293137681858,0.9316470686231815,3.5278170137536264
0.05743038116280935,0.04807242117248086,0.11171829451059682,0.8545220282335809,1.5738861805656623
0.048265486798225996,0.0558209690945296,0.07882349651300194,0.9050476852673864,2.052066568465925
0.056285445563959396,0.04025164823336145,0.07765344055815539,0.9153513582425479,2.340628727775067
0.041255436835141844,0.031036428869639726,0.0577028976026403,0.9330650557276395,1.3679415603892227
0.05521056685948649,0.04323013245416892,0.08517561902401355,0.8872181431576613,1.2369810889978836
0.04544438681951655,0.03436155366730307,0.07384940291763163,0.9171842330906174,1.7195874844457617
0.04929077247218531,0.029076815483196742,0.10810034480413372,0.8809975441552139,1.5045493714574674
0.05882237044092878,0.08002370752138822,0.11690867397732713,0.8601967451721347,2.3075296359172217
-0.0003996439841659719,0.19059504168561378,0.12639378895650888,0.8735062110434908,3.9490499363370457
0.033342948834290995,0.0809729596407105,0.0938278157974429,0.88858974282795,2.639537948247968
0.05268209074873357,0.10628818996660062,0.09404255146561098,0.8731634360815184,2.0365283129937732
0.08382148269098437,0.029217628471928676,0.05026517562110776,0.9482792523609056,7.232852702202102
0.04982150173309353,0.07188801182064777,0.09755949268301639,0.8753463896744238,1.7596636957224367
0.08143792588393617,0.04355638430534652,0.10375606452699986,0.8795217876025845,2.534633471646587
0.08795882618386328,0.3608419607435268,0.19636236463459344,0.7565444853459079,4.162858939019425
0.04849439174120139,0.05099989236892899,0.06017160777545638,0.9393339772515188,4.999509964221314
0.10083580595912751,0.03547810452122284,0.06472535406512388,0.935174645934876,4.878581770622945
0.04341282749796502,0.025996830805842804,0.06119052339274672,0.9314126164981684,1.8722135346964788
0.04272567415843898,0.322790548434405,0.11123942637015218,0.8622618842386258,3.5623497811536513
0.019563781870076156,0.03651467918473373,0.06182204482881029,0.9380779551711899,5.0285362405287035
0.04150145121498717,0.04755929465244195,0.08410663416146855,0.8965838931346062,1.9935901210768714
0.06376275970627467,0.12795576745537063,0.07738071138987704,0.9027947317834643,2.624527000987261
0.03557259515774577,0.0330772865553026,0.08118926083139769,0.9110329871949494,2.329509392202905
0.048431542980791,0.06353742450743265,0.089516474861215,0.9022094644075426,2.486689321651492
-0.006975450176757962,0.15273223667889899,0.1471179695949116,0.8527820304050885,4.281068937252533
0.05413666561279413,0.0405608976693951,0.11289219502124072,0.8758494160205583,2.0804279265533485
0.07963683883411436,0.03957404761642482,0.11168936289628359,0.8791477122288419,2.174854521104566
0.03798950722254292,0.05516000127095318,0.05409887650795393,0.9362763214512126,2.8029119768830877
0.04691169030956898,0.06153712794235384,0.0949776968061838,0.8729944763496394,1.7787853901321369
0.040105557745533385,0.05612394681598914,0.08545613300697005,0.8909660000766929,1.9519000743857051
0.046673570549159035,0.9233775113101313,0.1725666897504423,0.7360262218379502,3.3580952579910153
0.043194893353841295,0.050564964186382164,0.07277109126023747,0.9270075406084751,3.1706473568964952
0.10783266288691806,0.04309864701793163,0.06967142845016532,0.9302285715498347,3.2132421347170346
0.041978285589282086,0.038026352603133265,0.08015992909224778,0.9045364164004172,1.7938876052949062
0.08978951173371222,0.05441408627952091,0.06153099742649634,0.9383690025735036,6.4884183535805855
0.12370048418063978,0.04152809427055771,0.022026436093111654,0.970005923183627,6.103667925979897
0.057648382042784614,0.07689634592718807,0.0735962825303781,0.9219177094209018,2.6594792188257674
0.03682581575626116,0.03300614701022558,0.050674293230753245,0.9450953544673384,2.284013003353745
0.05703984788174123,0.07118207998246914,0.0946142516850877,0.8916276237622467,4.429271740928903
0.02536996590667787,0.07282012804539645,0.1836282457400633,0.8162717542599369,3.545477075248
0.017900032858664098,0.17413729830172114,0.0654067212738814,0.9341530468422401,5.103123182911088
0.04939276773322957,0.0503091310969361,0.08614140856142456,0.893820063379949,1.8022878723056854
0.08341965231810552,0.027559898769093892,0.07916132017176593,0.9207386798282341,2.7323370967121288
0.048672782278104176,0.07298489142162298,0.0730680741311451,0.9268319258688549,3.440962320020032
0.07147464536443474,0.21728882790953555,0.10771151129528488,0.8620522161182667,3.0734445658490777
0.06480856200121612,0.04277159500850144,0.0573055335605586,0.9399349469347347,5.869549200039242
0.0478892228381877,0.04350206189610167,0.08929443135975552,0.9072951779519627,2.646343980433866
0.04386013367298898,0.08077454719197129,0.07331710473389198,0.9153258830000669,3.478941233789988
0.04111505988390845,0.05990384927197578,0.07106955624786383,0.9204895866298077,2.331821527625259
0.07743214135024314,0.7245850990407838,0.19398536510106879,0.7829329899340918,3.6322747050595274
0.08684626073968603,0.10776853628270505,0.10867245191172578,0.8812943971832803,3.5644286221400505
0.01314456076027255,0.06964845881316097,0.08100587838783589,0.9186259977906308,3.8801709205649098
0.02121411617977659,0.07182780541627207,0.09877520062951682,0.8914172087861353,2.4230450613076315
0.04169660068126544,0.6125779279582639,0.13264584412577554,0.7959017391196578,3.0802218747063015
0.08543336827805116,0.023120942055176487,0.041528809840443666,0.958259174684237,4.252465956113819
0.0858176596635462,0.03504135444002279,0.04508723669696749,0.9548127633030326,3.521128912280686
0.03520036484421964,0.05340190900460807,0.08060958965249441,0.902709738523793,1.7028469026608541
0.049364478380095264,0.027770127060662498,0.08331062355938648,0.9127639007954478,2.3370225728842713
0.07830807999191262,0.11651608555859558,0.26137013922144536,0.7250558466144851,5.304277753601237
0.039638463883348296,0.02844621801995084,0.070401617204009,0.9180451853675079,1.6269913381676417
0.0004915331738936379,0.06008164660090407,0.048892060431059654,0.938286221232543,0.5988718391096503
0.04206046487771828,0.050681771530780594,0.08163930733194859,0.8967947543734791,1.592053508742159
-0.009863616475384137,0.16057713715752372,0.1725562385708967,0.8273437614291034,0.2873593170042239
0.06881606516421619,0.052073367713114355,0.06309418062532347,0.9368058193746768,5.706044872629016
0.025665226910815332,0.040622965232231745,0.09117268841294092,0.9087273115870583,3.17460154502428
0.04652007802902454,0.06583873841534318,0.07725611266283856,0.9201511089298144,3.1309496949297015
0.09768382990010184,0.03922531281394251,0.0409561370846365,0.9496836308941742,3.695021258422932
0.0610387871838973,0.05154145250257379,0.06549326650418844,0.9184557868269149,1.9411923274008052
0.058318293711824724,0.09148360306935732,0.07119659982847858,0.9166179963904768,3.0020534886820416
0.0800302165431354,0.05556911839394542,0.07277905475382682,0.9224583754248737,2.772929250347749
0.060457896712101805,0.08936703379443606,0.07781892856423883,0.9116058757297933,3.5732105988004146
0.035906586886535176,0.5174639911728158,0.21510485208810567,0.7652924870883013,3.416598764576338
0.05106974397844738,0.06289967155205504,0.06076641732167248,0.9269569553342542,2.5642351083167427
0.046321661867349435,0.11123712009511397,0.18067468440213927,0.8192253155978605,4.295130555550015
0.05999392008215947,0.09477465877891166,0.10847455864340269,0.8802198831910694,2.7820085965760897
0.11197697337447042,0.19098857175607895,0.07664523175829813,0.8776305952158217,1.7944160645207423
0.062439318344799884,0.04239450126507659,0.10796716055703616,0.8806238540072187,1.9219595776523881
0.07078800083580652,0.06888019117374489,0.11910905706811482,0.8555905094785524,3.219847656333407
0.03816303913998064,0.043994954129599154,0.07583044075266882,0.9210201184487401,3.145192872893217
0.06863547835453614,0.05124901098794949,0.06331346799665803,0.9267100161863188,3.050291674404397
0.07538034215977601,0.053560705177146194,0.056933165236054004,0.9374732507656863,3.3477268474748447
0.06706699281572451,0.03246993023764432,0.07366607737176957,0.9242731179091925,2.768907746240872
0.049711168786149715,0.09615749192980391,0.11189297888536413,0.8666621476583962,2.753850891217756
0.04233333758428708,0.03962233332522817,0.06593880917950923,0.9227075591322654,2.090699583064391
0.0330499256895068,0.08937554404327291,0.11593877441207343,0.8764090831802759,2.687916537291783
0.05381838718540475,0.05941798620406968,0.13705938767260958,0.8606252616319483,2.210139685396444
0.08657460274898679,0.17255126424097922,0.09188417132377516,0.8877856443565236,3.3600447385164336
0.03482787203994669,0.0722273157246322,0.18518042005046925,0.8147195799495308,3.6218534302597987
0.059604124642413304,0.031248009870239027,0.06383635727290804,0.9292153794069274,2.720141698966925
0.04083028248382931,0.06932581979358912,0.07728790768621532,0.9088346042139551,2.4924074740820803
0.06119517319983626,0.0304587975659656,0.06076559993696812,0.9367422539556894,3.1364152699030377
0.10403875868690729,0.062135105189641764,0.1316714192891763,0.8682285807108233,4.57138634431909
0.03385641002126496,0.033145943389095205,0.07535481895848647,0.9178840359302817,2.1261793362011496
0.03343453668743197,0.04364316384811108,0.07086407245691385,0.9205341803805323,3.012500898885224
0.05962902508871429,0.07109875484295598,0.10361793466374775,0.8937595775198961,2.268174161853394
0.03933282193741677,0.06341846504637073,0.07336206869881659,0.9043943430712915,1.9971702891251233
0.062314085907778795,0.06383103551842524,0.10436944572378962,0.8955305542762105,5.666876719203344
0.03832883662278957,0.23872557422814902,0.11891871860460024,0.8809812813953998,6.960006819322735
0.07771353619540997,0.0564232482416337,0.09576461267315568,0.9041353873268445,3.3422284934151927
0.036317627926564254,0.22642098344720146,0.14899030439467892,0.8246575899295807,2.3300664290255666
0.054760063845693645,0.06017946130619884,0.06213810424567933,0.9292538410843378,3.132632986383166
0.04143143689640355,0.07233559112060872,0.08299992300826732,0.9140837128514262,2.8144022961700097
0.04746327016656287,0.016246574667018343,0.1030943761448535,0.8968056238551464,1.9134787008641538
0.05585613777156459,0.07822616776336992,0.09948212954170318,0.8847136203231409,2.478246950861727
0.053672867843786755,0.08794215225310326,0.07014668079758318,0.9284271877387342,3.702900260367819
0.044722687909417316,0.04421652885446493,0.10719032057799695,0.8927096794220032,2.920907086719331
0.018888211539058026,0.04293499989078669,0.061072636557237894,0.938827363442762,7.826480429663746
0.095234708832416,0.07086111474416507,0.09098442595290607,0.9054289746298568,3.2698100326676753
0.04746156217554101,0.03194776555217082,0.10366114766908285,0.8926437725848172,2.087892833239493
0.04931438450850891,0.05392388182377472,0.12809131755155925,0.8668815492255246,3.073236053192114
0.09178865488987006,0.42356397666559825,0.13804047873833042,0.8618595212616695,5.070801793345806
0.051924294552818086,0.020671472534919758,0.07354142223933723,0.9221794989103341,1.7991053869330644
0.04476796096953762,0.04434238443382504,0.17519728420787825,0.8247027157921215,2.314061456257817
0.010783135243979752,0.11679733895016887,0.12002669575647218,0.8314948100641838,1.2959042564547183
0.034255040540526846,0.032504843027811654,0.06494594475913434,0.9349540552408658,3.2328713746268742
0.05762999236756692,0.043067559456714116,0.0576936912019497,0.9368182711268787,3.948631483506656
0.06807515337841438,0.09711770157839102,0.11192298502542648,0.8742651234851891,2.1447923473112955
0.06359880858483438,0.061181993718966904,0.06283382586170605,0.9279780561442412,2.718328848015545
0.058162523861874114,0.07500820144539523,0.12255746598752018,0.8641961249834672,3.7608398303609665
0.05782565610328366,0.06223710874524839,0.11592479854598259,0.8839752014540175,4.927296727309154
0.06892998920430937,0.044611811331730436,0.057852524845879306,0.9420474751541211,3.371179728606917
0.04586184156960758,0.10170950823517916,0.11028015416308755,0.8776142707566853,2.6800658476558703
0.05555111069522999,0.07800894222129495,0.07599669030205891,0.9033037241079914,2.2424731755894065
0.05564490642444206,0.04836608577167817,0.07435717377789176,0.9255428262221084,3.0818079854638922
-0.0775320103483533,1.0000000000000074e-5,-0.0,0.9997323252786074,5.501215354682001
0.05229385903983121,0.10420311997059657,0.12279597700210075,0.8596722853267387,2.4087065196847375
0.05922658532622165,0.03236790367274157,0.07642556825265531,0.9165185318185929,2.460614253240439
0.05168792948776092,0.067427844636596,0.11629381059994273,0.8718382758829154,2.803890580518619
0.050072219271751546,0.03741794510905181,0.08880997013544194,0.9110900298645582,2.927713859645721
0.05435967654610775,0.06028243624287387,0.09035992255366462,0.8924807724868516,2.3463414681090358
0.032131785037979796,0.05583141854805436,0.11964772596274592,0.8666923798455349,2.265253772621977
0.061872754742921074,0.026958250665369252,0.04948651160936289,0.949267335547423,2.520868352174183
0.15912650265084818,0.0507310964393014,0.0850006168573884,0.909089397369469,4.082028252531993
0.04613487843068094,0.04447775144392632,0.13854356693105802,0.8605265791825761,1.6937740750442705
0.049835119697563664,0.0593300883284861,0.1475176976265489,0.8413091057603772,3.125679272183788
0.046795998473309876,0.032970448901489695,0.05693958631898805,0.9400394675219322,3.8619594169043596
0.0997931183949573,0.1287243152826338,0.03925922243636527,0.9333558829270414,2.239947064055359
0.050924883467373935,0.10347908686687277,0.09355768997551754,0.8852264312227386,2.6152095581520265
0.1279456860754476,0.2773296151300971,0.08455679113318527,0.8584255188233133,2.3347006847319314
0.03746349371276365,0.03429949172862188,0.07581971698151536,0.9213718405327018,2.3486840039424344
0.0471084278619632,0.044226447982087844,0.11418209178103493,0.8793860589161043,2.0795984555184157
0.029876757630181505,0.07163034273196106,0.08766546989233716,0.9041179851635913,2.7853107982234113
0.02392445123215408,0.044395370757031476,0.0633179804922371,0.9325221015233931,3.4710770330732776
0.12947193331948434,0.11227208509081518,0.12027713245471215,0.8706909318667879,3.08564138051853
0.041148692812495086,0.10097773235406551,0.10325890024369774,0.8866800002766247,2.866590532235788
0.05297365648491541,0.03001836095356269,0.08357121578866498,0.9118818082624061,2.3155138272054434
0.04857901475947768,0.014229554873958885,0.06577719973814254,0.9336204855003806,2.057973306299556
0.05693262506860011,0.04062683103920415,0.08791452300885852,0.9047322585651758,2.125207862023368
0.062476873851355065,0.07591392741161254,0.08614512302753329,0.9032294769753734,2.1282758283635426
0.0689787992966866,0.2141390425120238,0.1152830271944126,0.8097102518938275,3.568541908973106
0.05952539854054828,0.04659909801022649,0.07384051655331779,0.9162550514311757,2.353127509247445
0.05754730411394678,0.06195769643085078,0.07990890358647995,0.9018752416569111,2.1840463175647935
0.031414050980602855,0.05453292017129504,0.11170329975275159,0.880405269366951,3.3269561620417836
0.05753884318360605,0.007300461726759162,0.011405045345023693,0.9884949546549763,2.7176900167075604
0.1029647463313991,0.034438476877414435,0.07207010154319762,0.9278298984568025,4.1931626620387865
0.05315938381331853,0.06695320724957843,0.052874219689388255,0.9458529994501775,4.4028413116694205
0.08332953801350812,0.03589977755404548,0.091177464997332,0.9066718741354585,3.0396198250562474
0.04039591125009978,0.07387588871943652,0.09428047913006125,0.9052913086360195,2.491556692085931
0.042129712558181216,0.08090166124775136,0.09356288509021163,0.9032241505811027,3.6955783485586116
0.03236135742675869,0.04770325628892511,0.07031702191061655,0.9059670051586888,1.9699164306211778
0.08012316154834134,0.040151194146142724,0.07260872453139955,0.9262874717856948,2.9562218109633727
0.11613392490498536,0.37766328024634954,0.16701598098197257,0.8328840190180276,7.194845689760499
0.06461419351361401,0.07823790652068777,0.1216792440973884,0.874101362920597,2.817053784465221
0.06665489169442686,0.06318078611311058,0.10501429953387353,0.8942063492122329,3.5075764850780042
0.035353353126570494,0.0344574743639688,0.05949896833090375,0.9404010316690962,4.249499086910335
0.054737837540917295,0.02590554904249593,0.059969258469124515,0.939930741530876,3.4305317702044364
0.0429526397535811,0.0377000172027208,0.07263197976755725,0.9205311300579401,2.774052909276312
0.054241848811493576,0.08101414995451124,0.06632051992322709,0.9277517972114412,3.2287272056911047
0.03935579558695395,0.1785569067177281,0.1781768129219807,0.8217231870780192,2.6527019924905644
0.08670109443501871,0.03406742566237697,0.06282085482859165,0.9370791451714083,3.870058210481362
0.05141692103544834,0.05275291019834472,0.07953080743964244,0.9203691925603575,7.9368786345105935
0.07655058664595515,0.15115645609348782,0.02905109578181947,0.9654515445862083,4.95008550124207
0.05591846061555326,0.164790148934642,0.13431353201994783,0.8478305850510728,2.679842437225054
0.07229048468556704,0.03860504576288668,0.06351190556191746,0.9361303752468946,2.9250555546132286
0.01256200756615846,0.07696766131751566,0.06323457277002859,0.927860034975871,3.381209468503865
-0.032850186406782826,0.22899488128090925,0.09947447659136396,0.7895677271872996,3.146996668552745
-0.03833493835599565,0.23870895099632827,0.11345629953828133,0.7593941787374549,2.381726235826611
0.059911728751722765,0.04493805315094618,0.10637460613747561,0.8661294047402168,1.6680051678348955
0.0569484150134594,0.03530377548260856,0.04409440295690386,0.9417643465543369,2.9908794798745015
0.07603640669641455,0.022139239971352746,0.05558055442027832,0.9443194455797216,4.190324905695989
0.0562539303064873,0.02207963993993575,0.07909487811728057,0.9148692819896261,1.4155756834808653
0.03186989226333164,0.06468687582229947,0.06318710336204297,0.9277419864448435,3.436746822091289
0.020157062108869455,0.03916239437191318,0.0709624767434828,0.9270856576077642,2.8901088283388097
0.03294405109113612,0.039390844824859106,0.07497186108232874,0.918326486578511,2.6499786371295238
0.05424674941627023,0.060286540796181017,0.1279895658056742,0.8676699160340386,2.168066082146149
0.04963691308760974,0.0412816401581494,0.07826653658443633,0.9142745628545786,2.275560096048218
0.03729549842407376,0.07417078992917595,0.09398010425809589,0.8958769884832853,3.0790376966101927
0.04409569907242285,0.0688162965064823,0.06719664690961742,0.9225993700499343,2.6683234549397508
0.07691202504508272,0.055175567521412616,0.07062965388767097,0.9292703461123285,6.267177170817327
0.056148467601156465,0.06121932201959232,0.08776477201723756,0.9085144451170352,2.403174127437879
0.05108527929256528,0.05245169017595747,0.07699665188807246,0.9124497943867446,3.3403220258903246
0.06486810037352393,0.03885150841629295,0.08943767558688928,0.9027474054679487,2.5208322549256823
0.06697564826194914,0.11310723174940798,0.11834586379992283,0.8530127133654306,2.294035482448473
0.08348181277605742,0.04422129975646781,0.07795282364918396,0.9219471763508159,3.5791612450818766
0.02171287683244348,0.11795167422818251,0.08461068769056546,0.9061745294423696,2.786354697354637
0.04110725344706144,0.05251725451606981,0.07897931290591868,0.9174583507661311,3.0534325287914728
0.0470021956703793,0.09220563099383519,0.08269634582201539,0.898870946117052,2.2003458799737863
0.06207409486813721,0.07974671142536299,0.0983792045857954,0.8989287769324219,2.560822906269119
0.07016874318624985,0.01655905306185624,0.06331349403771809,0.9365865059622819,2.7208767475273987
0.04225826191918189,0.20397735253085303,0.09948757997919437,0.8596739006824757,1.9041814332235893
0.05941391806081045,0.046798592221491145,0.11993747600824606,0.8799625239917539,3.024590400137251
0.03065827828634588,0.04852934343215303,0.13059756950126727,0.8498099720166241,2.1972394501036416
0.04103213037960068,0.014622505157343842,0.07969870838718986,0.9202012916128101,2.183549909669844
0.05526378365844691,0.11887296124758417,0.13141191205192262,0.855878061864513,2.938237557234166
0.054797734525017495,0.08502849911135414,0.06577857130083611,0.9246639314846542,3.211499310688052
0.0645370386338003,0.0321125849918339,0.07767250988412469,0.9154816157287675,1.6751679372059625
0.07067025587434099,0.0831813313125731,0.1318005183040663,0.8295341121496491,2.970889760367745
0.030274445021846584,0.03756666218666293,0.07947578973979419,0.9029539888176699,1.0819726300666346
0.11815370437978066,0.0691714975421953,0.0703729749091222,0.9112377474562057,3.4464034394732974
0.03365145558513107,0.09333327937077661,0.13992580377225175,0.821549919241251,2.1234598421298814
0.04437686747492932,0.11192754894978925,0.08672114010924523,0.9019822072919454,2.752136074583839
0.05677584745928657,0.04041555596778612,0.06963875029336664,0.9217349417938056,2.0761832300399283
0.07550459830660913,0.07423650348123316,0.12744876540682068,0.8579345170471332,2.1759828317212477
0.03488840828147869,0.04991437691858365,0.12083439913808784,0.8762176203313601,2.283157553512963
0.024568915619496548,0.0655255127944702,0.08434260334851122,0.9117481954429918,3.5907107077164775
0.06093364837661146,0.05561874568278094,0.08402868287416751,0.8990681215989196,1.8141264061181146
0.052931807297171535,0.0286924940320662,0.09452786989382304,0.8930974729670841,1.4372963475215788
0.04809231635218771,0.020730387699866012,0.07900834981926387,0.9206045811574242,2.3383916722679987
0.0758753918442938,0.16912032417402945,0.12968068958067713,0.8395752466997203,2.7739015213740545
0.05393706610706464,0.10520843482642306,0.0783778257221884,0.9215221742778116,4.918412910384289
0.07105911036936297,0.06414003115949712,0.14714795806887615,0.8527520419311239,3.5831618464404853
0.05663035859200505,0.02318531528370369,0.08657566727394916,0.9091637659373126,2.0668023013683414
0.052579069807409666,0.09294480507387072,0.09862698767444111,0.8806705345694964,2.325992526020565
0.06365998057949201,0.04562428558003688,0.15575175404044056,0.8433802333253961,2.7904622968546966
0.06805610234798773,0.06581817210766044,0.13990155933339174,0.8554421786188023,3.212190858788415
0.04618571165710445,0.04442153047898018,0.08640073607419327,0.8917060567503834,1.5585642920618255
0.06925885754662661,0.06181065771461535,0.10438959951432611,0.8778949722053014,2.0763548064169886
0.034816610125632065,0.0629229532007977,0.05995527295442169,0.9362626369327649,2.873560282552873
0.024098538778824053,0.14217660275325175,0.0825231381273264,0.901736610605049,1.970197234372669
0.05317435499154447,0.08172090862618168,0.07639456040616918,0.9235054395938304,3.7594114324339167
0.061938006116930955,0.04593380377877106,0.0942448280005166,0.9056551719994835,3.7983898428216265
0.045354529780114165,0.06698533129776851,0.09798771047087197,0.8960898896399893,2.2463265636231613
0.02835297407694055,0.11376328239334506,0.0748970131208426,0.9176101928958423,4.419238722456888
0.044702588899623835,0.04993872273842729,0.08948041729318315,0.8940179330789579,1.761904665120164
0.08136758844813727,0.058852064135705144,0.13404503277724897,0.8480949214953171,2.7267009109993814
0.021818750028468132,0.05290646499429572,0.05458239407356019,0.94531760592644,6.446046980342838
0.053279000071995423,0.9471553820721575,0.12572645620377074,0.839771613075901,7.910789631100888
0.03693033818893217,0.06042158763985065,0.15694687951405584,0.8429531204859444,3.0158165792425424
0.05997342288205044,0.03583114395242107,0.09508312486661276,0.9048168751333869,2.097518175875302
0.08382826333850453,0.0386275689062836,0.0619733600334374,0.927056252946286,2.033482509741081
0.06086542916695028,0.17880360230252773,0.1198379655297736,0.8703103034079407,3.1813554521544063
0.048199256645714825,0.06983211341901964,0.06728892093729551,0.9191099716848964,2.330752484438483
0.08519525960434797,0.029490248289129474,0.08293472908110132,0.9125682604756865,2.92942940425282
0.09818222004381226,0.038452636467838086,0.07841210532446351,0.9214878946755369,2.966758351440038
0.06712631626538222,0.031646128872777554,0.05028041124025201,0.9496195887597483,3.4613266556504656
0.08621855315614475,0.041953320376849436,0.06997373842433993,0.9299262615756602,3.299121691576295
0.029238486998919285,0.07654210030965375,0.07691560817667596,0.907854624152589,2.203999373485851
0.08072068889072209,0.0658658545066625,0.03136687810038909,0.9627792720908863,3.7175454533539956
0.09192115259094041,0.06729157695433612,0.05279345198839556,0.9471065480116045,8.660402021799296
0.035853025660993514,0.0227616089161231,0.09404475197327837,0.8900061241627205,1.312690965794973
0.04509114949777621,0.03934355594542446,0.059830908043142325,0.9343488043740477,2.741715036305553
0.03187980483900035,0.05146406594459645,0.07105479905448343,0.9182942191648025,1.887924323864302
0.06092042902598938,0.0706156655580436,0.04110547175715487,0.9518118601879603,3.89155417323516
0.06291726834798136,0.12629113232307632,0.11472307305586442,0.8662779873429727,2.3906003723371723
0.050184445576630356,0.06805756782273786,0.13899046555820146,0.8390130317514009,1.6949440292441422
0.0533489814937498,0.07413105936232099,0.08501904515682757,0.898322656541517,2.191248080654764
0.04744498281411565,0.0025127313501431274,0.22930362754889697,0.7705963724511031,2.6250564185704217
0.05189201665216994,0.2677071704881471,0.14492374837762936,0.8549762516223709,4.832050684709465
0.06299197709786766,0.06883482265803292,0.16367382259132515,0.820012407882705,2.360681685359763
0.03851486668117726,0.07692646737039403,0.04592675023586226,0.9539732497641379,6.01209097441606
0.10444264294884505,0.06274372892345163,0.17040160530857354,0.829498394691426,3.7189785851676387
0.037567496165804855,0.06875770343210928,0.10589478029032313,0.8813304345370926,2.1144750169413
0.0526055161410627,0.08386405656026374,0.09629718138730144,0.8841698267076102,2.3639567719781933
0.045992777694948035,0.027896981492681064,0.09627089896154577,0.8884046918791414,1.403933684289931
0.04756333744639684,0.09432532397087703,0.06553387435452582,0.919888947695995,2.848233155765873
0.054520343016999324,0.059657584983688526,0.09074686735194137,0.9091531326480585,3.482216216336039
0.03170532042244998,0.04561993094580227,0.1131173660600797,0.8758224972748744,2.232995416187634
0.04624668952695887,0.04798577503879038,0.04910896536977138,0.9443392447997844,2.7234450485811514
0.034365405195880036,0.11817680724754326,0.10473123617731772,0.8707884268087388,2.075319659802142
0.042767513880004486,0.05297846986785162,0.058581598149080136,0.9387714425066663,3.1798835236334435
0.08327993117531605,0.030935159525512984,0.06390015558124976,0.9359998444187502,4.008000919354936
0.018376817522902007,0.09107807562793369,0.13192399433665997,0.8679760056633403,4.0789606051803196
0.05423827987055363,0.07115272551765867,0.09443009529731936,0.8933426537415543,3.0807791707195666
0.09990061443727039,0.02705053395801432,0.08853079027915951,0.9113692097208402,2.274595026244148
0.04989946486079102,0.023325510854163272,0.05627608766525895,0.939838640276238,1.6999518407085825
0.054819426974915965,0.033856498857898605,0.11022336021524957,0.8896766397847505,3.9737353408341063
0.0746789428803951,0.06231566360547372,0.0724952642429391,0.92740473575706,4.2408709682308885
0.04376511099648331,0.07494884517462129,0.11487744244620966,0.8658570994287772,1.9160401880801496
0.07696019289517711,0.040665427957381185,0.09057878234716553,0.9093212176528342,2.1879030743799563
0.0626373531031711,0.030933963314586897,0.06015279638007225,0.934570151275649,2.3662477108779143
0.0693626331477248,0.06967842745217571,0.11307959060231824,0.8779868560668745,2.595165400012964
0.0523283315816285,0.035618311994470596,0.11171449496178189,0.8762109221379796,2.0414724949220058
0.014494400017787143,0.032957393103066474,0.08490439038884855,0.9112812344176283,2.445911491657639
0.01665390174670247,0.30037468864110956,0.09902841457910815,0.8599590829010112,3.0640003264979834
0.0023890339737365745,0.12831020355943554,0.053665779633367175,0.9239566352437201,1.8657254937777177
0.051626637504748156,0.22646764226684782,0.08189738554796279,0.8984372531599041,3.956295870119414
0.053322006948447215,0.026761750152649227,0.06556691149277244,0.933386571327181,3.2052180418779463
0.06393213396646452,0.12345155708733035,0.11660148498514485,0.8588975131414922,2.864695838087815
0.06029295448171024,0.03888217076716477,0.07627827750351922,0.912241665282174,2.2327557492430867
0.04837719893224119,0.04164808714414797,0.09460380458786041,0.8954318991541738,1.9485025060061
0.06079175037471176,0.05947302034023377,0.07812584975097779,0.9103552570159396,3.3172645235583404
0.04386077608968935,0.061246172519404486,0.05751861606151195,0.9371128867357573,3.684072697940762
0.06488550990176965,0.04840083389790903,0.114875415424981,0.8850245845750189,5.274519728081729
0.08169655512665557,0.1123520763768771,0.14488748458995473,0.8395497424383714,1.9972697719650212
0.06444044014665322,0.041671930798357536,0.07813828207084246,0.9208654823211898,4.171955736078873
0.0774843319659965,0.034005696975819275,0.11986899449928974,0.8776285703575372,2.6681853990934723
0.05392688306666208,0.10004622274166956,0.14107399810232016,0.8569314425394835,2.0830286024036986
0.0546263213961397,0.21446109764990837,0.08989946100800394,0.8868076512146146,3.3089289359650413
0.009920955166448992,0.03649872488332596,0.0630608853319174,0.9368391146680825,3.366790477723784
0.029614703913140947,7.169916246412622,0.12731778336251282,1.1908051579212877e-5,5.177596754413971
0.02452855910396382,0.058934417643741445,0.086733439867459,0.9040623636071463,3.132782347601716
0.04057613801835168,0.06212490571921998,0.08553540074861504,0.904119800509237,2.4941182751736917
0.04779973206537626,0.2743374229993622,0.12504174182732933,0.8310188162147143,3.0035616528032385
0.041081897911057895,0.11064416187877114,0.11985966493112504,0.8629366245474361,2.5686974696741127
0.04462598491822768,0.03543557681917807,0.1271405200142818,0.8727594799857181,2.537137892640316
0.14899049543222612,0.11387937846394458,0.08132108770098397,0.9139230184538417,5.3305706318891435
0.0544912217609514,0.050238360619314415,0.07827113806872613,0.906493142036981,1.7632071928726576
0.04166843882523465,0.13870965489888704,0.06373849755393031,0.9324784511001742,5.4570059614232775
0.12465628606263411,0.0959479479282706,0.09691879462877497,0.8918756371298896,3.9078539528801457
0.03491236259496178,0.04996461911887278,0.13317665392699615,0.8529075078566036,2.253525363165012
0.05976378558928417,0.06086209828205572,0.055621859716200726,0.9442781402837993,3.8883999869322454
0.0540044963181498,0.03420668534482031,0.07323857454939262,0.916739052538681,1.7094416093621507
0.05321554230159487,0.07048433606773982,0.07254549832535792,0.9174549599817369,2.5785469657394975
0.05405941194834393,0.14453830179849456,0.12133027484463947,0.8525194055270161,3.3338951099020346
0.056171602350093976,0.12346864706259163,0.06256429316865841,0.9318433869357927,4.134010702327712
0.06843354896314272,0.05391821140909448,0.09263806116829482,0.8994693266708863,2.3789060641875746
0.059514869819391754,0.06367473585472942,0.0609062769319659,0.9329642605450804,4.632484389724515
0.044662481024467765,0.15345680024175426,0.103503475598433,0.8680787117563221,2.91915944296528
0.09189985989091179,0.10270808483352399,0.1557866017560563,0.8441133982439437,3.1971044624418234
0.06570566578413807,0.07947889625429366,0.12786589605639156,0.8720341039436085,8.701469993662345
0.03440964339964532,0.031245137935370003,0.09587353575018558,0.8968930494128702,1.5898148796417257
0.042691744536266264,0.35873575376835776,0.09242732144420822,0.8896709070704346,4.669398033462361
0.010087179275949295,0.04926157412917894,0.07983336427031147,0.9103998269818109,2.258347223197134
0.09879668687642768,0.14271261368181126,0.16577683506927265,0.8064936631949188,5.418570365923669
0.05481426021545226,0.04669112046075871,0.15912197164609213,0.8407780283539078,2.2816804868139515
0.0441457270191826,0.02954265129458765,0.08774322867526593,0.9119517188863238,2.293241948594646
0.05246505868337507,0.010635779206311686,0.06596340496088074,0.933928173784156,1.764898011466105
0.058302522727831305,0.04204216581048157,0.04677962486319459,0.9418842340653625,2.1601522271762676
0.07524625971109875,0.0502578953451767,0.07763172430060755,0.9111974772926829,2.4907083946488946
0.04338057206254613,0.022010099641268807,0.08186431533163055,0.9180356846683694,3.4084184140092546
0.08076430773970619,0.08745955220856298,0.11349184004237427,0.8864081599576259,3.163925789106007
0.10471795028138232,0.07789694995877018,0.08097956039419557,0.8996341910746174,2.4380486006308653
0.050043023425729985,0.02862653757580414,0.1074336460444239,0.8924663539555759,4.18406032192249
0.027056667526512333,0.07303562507237597,0.056794455581115504,0.9431055444188843,5.310729417031596
0.006875126287756919,0.22014887533054925,0.13477507365886507,0.818415771488574,2.268602741586912
0.036296643843877825,0.025202689685584347,0.05421274319984437,0.9422473773794131,1.7557905564494751
0.03214169564309517,0.07240041999158557,0.06857401835741458,0.9203993771170137,2.1184366744717065
0.05927943636655185,0.03088124672448877,0.031425690409383054,0.9684743095906171,2.9649468745398724
0.08695259242465066,0.19450593292564736,0.14257943342938473,0.8376687755442258,4.306901490784928
0.06032061490402316,0.04036373839092219,0.08133982668134863,0.8878211179479726,1.3846356174561028
0.0862134755112592,0.07133840032268143,0.13446160911796592,0.8636641451581485,3.709980547152432
0.056923359295662564,0.08799188910681549,0.08609517938988855,0.9104823881646144,3.915337948649116
0.037123145190560834,0.039804771008630266,0.1161643209880769,0.8597770438069318,1.9610771504737177
0.029352946422602486,0.06860060659794996,0.08177927435730105,0.9103106062041981,2.995269533008861
0.044845830581464234,0.02813529304486337,0.06695137751960924,0.9329486224803908,4.1783650060190825
0.041020536732222786,0.07348965621363676,0.18257975914245667,0.8113579082654262,3.412543726510691
0.02907259632714165,0.3886285683459056,0.08524114136655538,0.7401155002657593,3.335191345915915
0.0464261011035059,0.11006291017408047,0.10159190388746207,0.8983080961125379,6.68182150830016
0.049893373269153156,0.03694000983032569,0.0685094589059524,0.9283377257196131,2.569700232298795
0.07346361343046713,0.06660048167329193,0.057714479792975636,0.9227108987196708,2.546673380899142
0.09059759857804124,0.06940110815174436,0.13705324553424034,0.8628467544657595,3.164343509486255
0.03291264150716697,0.36884341121393205,0.234028542004525,0.6087771809585343,0.0008950516061215529
